DATE,SERIES,OPEN,HIGH,LOW,PREV. CLOSE,LTP,CLOSE,VWAP,52W H,52W L,VOLUME,VALUE,NO. OF  TRADES
31-Dec-2020,EQ,"1,435.00","1,444.00","1,425.05","1,432.50","1,438.45","1,436.30","1,436.40","1,464.40","738.75",11072875,"15,90,50,40,698.85",207512
30-Dec-2020,EQ,"1,439.90","1,439.90","1,413.00","1,427.20","1,432.05","1,432.50","1,427.25","1,464.40","738.75",8108363,"11,57,27,01,536.35",137892
29-Dec-2020,EQ,"1,421.05","1,434.75","1,420.00","1,412.85","1,427.95","1,427.20","1,428.05","1,464.40","738.75",7247673,"10,35,00,35,824.15",164187
28-Dec-2020,EQ,"1,405.00","1,421.00","1,404.00","1,397.10","1,415.80","1,412.85","1,414.43","1,464.40","738.75",5849597,"8,27,38,55,755.35",222546
24-Dec-2020,EQ,"1,389.40","1,404.00","1,377.00","1,375.65","1,395.90","1,397.10","1,393.22","1,464.40","738.75",7476094,"10,41,58,23,397.40",207764
23-Dec-2020,EQ,"1,367.50","1,380.95","1,361.05","1,373.10","1,378.00","1,375.65","1,371.48","1,464.40","738.75",7733697,"10,60,66,44,402.05",209433
22-Dec-2020,EQ,"1,384.80","1,384.80","1,345.00","1,372.65","1,373.00","1,373.10","1,365.22","1,464.40","738.75",11425779,"15,59,87,30,164.20",321428
21-Dec-2020,EQ,"1,417.50","1,423.85","1,366.70","1,411.35","1,369.05","1,372.65","1,402.25","1,464.40","738.75",11880912,"16,66,00,66,426.30",245182
18-Dec-2020,EQ,"1,435.00","1,439.70","1,406.30","1,441.80","1,408.95","1,411.35","1,416.04","1,464.40","738.75",11497959,"16,28,15,19,676.25",204985
17-Dec-2020,EQ,"1,418.60","1,445.00","1,404.50","1,410.70","1,440.00","1,441.80","1,429.35","1,464.40","738.75",10962239,"15,66,88,91,347.05",227695
16-Dec-2020,EQ,"1,404.00","1,416.80","1,394.50","1,391.30","1,407.85","1,410.70","1,405.85","1,464.40","738.75",8416046,"11,83,16,65,558.40",207995
15-Dec-2020,EQ,"1,380.80","1,394.95","1,366.00","1,372.15","1,392.50","1,391.30","1,380.90","1,464.40","738.75",10780718,"14,88,71,41,542.75",213331
14-Dec-2020,EQ,"1,383.00","1,388.00","1,368.00","1,382.80","1,369.40","1,372.15","1,376.22","1,464.40","738.75",8611025,"11,85,06,94,443.90",226700
11-Dec-2020,EQ,"1,390.05","1,395.00","1,373.00","1,385.85","1,382.05","1,382.80","1,382.89","1,464.40","738.75",10678192,"14,76,67,30,477.75",184156
10-Dec-2020,EQ,"1,398.00","1,402.00","1,375.75","1,407.20","1,387.00","1,385.85","1,386.04","1,464.40","738.75",9863983,"13,67,18,53,428.50",253318
09-Dec-2020,EQ,"1,377.00","1,410.05","1,375.05","1,376.30","1,408.50","1,407.20","1,395.27","1,464.40","738.75",11034537,"15,39,61,72,248.45",283201
08-Dec-2020,EQ,"1,375.00","1,388.80","1,365.15","1,372.25","1,374.90","1,376.30","1,377.34","1,464.40","738.75",9728948,"13,40,00,35,184.90",239499
07-Dec-2020,EQ,"1,375.00","1,379.95","1,358.10","1,385.60","1,375.50","1,372.25","1,368.13","1,464.40","738.75",12158159,"16,63,39,21,187.35",326818
04-Dec-2020,EQ,"1,381.00","1,401.45","1,373.30","1,377.20","1,390.10","1,385.60","1,386.77","1,464.40","738.75",13456161,"18,66,06,21,784.30",287684
03-Dec-2020,EQ,"1,429.00","1,432.00","1,374.05","1,406.95","1,381.00","1,377.20","1,396.88","1,464.40","738.75",18966611,"26,49,40,94,892.80",370031
02-Dec-2020,EQ,"1,431.00","1,431.80","1,394.80","1,433.30","1,405.35","1,406.95","1,410.23","1,464.40","738.75",8946075,"12,61,60,27,252.00",187793
01-Dec-2020,EQ,"1,440.85","1,449.00","1,425.50","1,440.85","1,429.05","1,433.30","1,439.22","1,464.40","738.75",8573787,"12,33,95,84,610.70",197206
27-Nov-2020,EQ,"1,431.80","1,446.00","1,415.55","1,426.65","1,438.00","1,440.85","1,429.86","1,464.40","738.75",8997290,"12,86,48,32,853.65",174132
26-Nov-2020,EQ,"1,415.00","1,432.00","1,387.00","1,402.80","1,431.90","1,426.65","1,410.64","1,464.40","738.75",13971563,"19,70,88,91,649.45",269679
25-Nov-2020,EQ,"1,451.30","1,464.40","1,397.00","1,438.20","1,406.50","1,402.80","1,431.81","1,464.40","738.75",12076301,"17,29,09,70,161.50",310836
24-Nov-2020,EQ,"1,408.00","1,445.00","1,402.05","1,394.60","1,444.00","1,438.20","1,430.00","1,445.00","738.75",20077200,"28,71,04,93,464.85",341801
23-Nov-2020,EQ,"1,415.00","1,423.65","1,375.35","1,403.65","1,397.30","1,394.60","1,398.55","1,423.65","738.75",12623318,"17,65,43,81,087.20",297107
20-Nov-2020,EQ,"1,372.65","1,408.40","1,365.05","1,374.35","1,405.00","1,403.65","1,391.31","1,419.00","738.75",10202681,"14,19,51,15,496.00",235627
19-Nov-2020,EQ,"1,389.70","1,399.45","1,368.00","1,408.70","1,370.80","1,374.35","1,383.36","1,419.00","738.75",10133441,"14,01,82,08,193.60",222482
18-Nov-2020,EQ,"1,403.00","1,419.00","1,399.05","1,408.45","1,409.00","1,408.70","1,408.60","1,419.00","738.75",9431388,"13,28,50,65,362.80",209420
17-Nov-2020,EQ,"1,385.80","1,412.60","1,380.60","1,369.70","1,408.80","1,408.45","1,401.66","1,414.80","738.75",15529950,"21,76,76,51,962.70",297055
14-Nov-2020,EQ,"1,367.80","1,374.95","1,365.20","1,358.80","1,371.00","1,369.70","1,370.51","1,414.80","738.75",917533,"1,25,74,85,129.45",30732
13-Nov-2020,EQ,"1,368.80","1,368.80","1,347.00","1,371.70","1,358.00","1,358.80","1,356.21","1,414.80","738.75",11236240,"15,23,86,48,107.85",205964
12-Nov-2020,EQ,"1,377.40","1,388.55","1,360.00","1,389.95","1,372.85","1,371.70","1,373.54","1,414.80","738.75",13526974,"18,57,98,58,764.40",315193
11-Nov-2020,EQ,"1,399.90","1,414.80","1,370.50","1,393.65","1,390.15","1,389.95","1,393.64","1,414.80","738.75",18058097,"25,16,64,53,033.45",319672
10-Nov-2020,EQ,"1,357.00","1,395.00","1,351.55","1,340.55","1,393.20","1,393.65","1,376.45","1,395.00","738.75",20758678,"28,57,31,94,384.70",460114
09-Nov-2020,EQ,"1,315.20","1,345.95","1,315.20","1,307.65","1,343.00","1,340.55","1,334.35","1,345.95","738.75",13144220,"17,53,90,12,739.75",235872
06-Nov-2020,EQ,"1,266.25","1,310.00","1,265.50","1,269.20","1,308.00","1,307.65","1,294.89","1,310.00","738.75",17852862,"23,11,74,31,812.65",330534
05-Nov-2020,EQ,"1,266.00","1,276.00","1,252.35","1,257.40","1,271.55","1,269.20","1,269.42","1,305.50","738.75",10716964,"13,60,42,87,092.55",217902
04-Nov-2020,EQ,"1,252.00","1,264.80","1,230.00","1,247.95","1,254.00","1,257.40","1,251.63","1,305.50","738.75",11702411,"14,64,70,36,990.25",245494
03-Nov-2020,EQ,"1,226.45","1,250.75","1,225.50","1,215.25","1,248.00","1,247.95","1,243.15","1,305.50","738.75",14082115,"17,50,61,78,550.75",278299
02-Nov-2020,EQ,"1,194.35","1,225.00","1,177.50","1,183.55","1,216.25","1,215.25","1,198.51","1,305.50","738.75",10963040,"13,13,93,47,186.25",225643
30-Oct-2020,EQ,"1,182.55","1,199.30","1,176.35","1,187.20","1,182.40","1,183.55","1,186.31","1,305.50","738.75",5761470,"6,83,48,78,663.65",137766
29-Oct-2020,EQ,"1,200.60","1,204.45","1,178.50","1,209.60","1,190.50","1,187.20","1,189.63","1,305.50","738.75",11530152,"13,71,66,59,781.80",207330
28-Oct-2020,EQ,"1,228.00","1,232.00","1,201.50","1,233.10","1,210.30","1,209.60","1,214.22","1,305.50","738.75",8285625,"10,06,05,86,819.90",202965
27-Oct-2020,EQ,"1,226.00","1,236.00","1,197.85","1,210.90","1,235.00","1,233.10","1,216.83","1,305.50","738.75",12158922,"14,79,52,87,654.70",207342
26-Oct-2020,EQ,"1,229.80","1,242.00","1,204.60","1,235.80","1,216.55","1,210.90","1,222.29","1,305.50","738.75",9786023,"11,96,13,84,155.70",197782
23-Oct-2020,EQ,"1,243.50","1,248.45","1,231.20","1,233.30","1,236.55","1,235.80","1,238.33","1,305.50","738.75",7933126,"9,82,38,52,876.90",172764
22-Oct-2020,EQ,"1,239.95","1,250.00","1,223.00","1,246.70","1,232.00","1,233.30","1,237.77","1,305.50","738.75",10956548,"13,56,17,13,112.70",269781
21-Oct-2020,EQ,"1,230.60","1,251.00","1,221.70","1,223.95","1,245.25","1,246.70","1,238.33","1,305.50","738.75",17820565,"22,06,77,46,473.40",311963
20-Oct-2020,EQ,"1,207.50","1,227.40","1,205.90","1,203.55","1,224.60","1,223.95","1,218.32","1,305.50","738.75",13705994,"16,69,82,34,148.05",278115
19-Oct-2020,EQ,"1,235.00","1,235.00","1,192.60","1,199.35","1,203.00","1,203.55","1,206.93","1,305.50","738.75",21179884,"25,56,26,53,004.00",312856
16-Oct-2020,EQ,"1,180.00","1,203.50","1,173.00","1,169.25","1,203.35","1,199.35","1,189.99","1,305.50","738.75",12911559,"15,36,46,49,993.60",232163
15-Oct-2020,EQ,"1,214.20","1,217.00","1,164.00","1,211.50","1,168.60","1,169.25","1,195.09","1,305.50","738.75",14123569,"16,87,89,59,918.70",238649
14-Oct-2020,EQ,"1,195.55","1,214.30","1,175.50","1,198.45","1,213.50","1,211.50","1,190.04","1,305.50","738.75",11291473,"13,43,72,51,785.95",220645
13-Oct-2020,EQ,"1,213.40","1,222.45","1,195.00","1,213.65","1,195.25","1,198.45","1,206.34","1,305.50","738.75",9177015,"11,07,05,73,513.50",183515
12-Oct-2020,EQ,"1,231.55","1,242.75","1,205.60","1,233.55","1,214.50","1,213.65","1,220.43","1,305.50","738.75",9610277,"11,72,87,11,136.65",192519
09-Oct-2020,EQ,"1,201.00","1,237.00","1,191.65","1,191.80","1,235.20","1,233.55","1,218.62","1,305.50","738.75",22486215,"27,40,21,47,398.55",338324
08-Oct-2020,EQ,"1,180.00","1,203.00","1,163.35","1,162.25","1,189.90","1,191.80","1,187.94","1,305.50","738.75",17530368,"20,82,50,50,397.45",242763
07-Oct-2020,EQ,"1,144.90","1,164.85","1,137.60","1,144.10","1,160.50","1,162.25","1,154.88","1,305.50","738.75",10624527,"12,27,01,00,197.00",210164
06-Oct-2020,EQ,"1,135.05","1,148.00","1,126.20","1,114.35","1,143.15","1,144.10","1,137.63","1,305.50","738.75",9685997,"11,01,91,11,125.30",214476
05-Oct-2020,EQ,"1,112.00","1,132.00","1,111.00","1,106.95","1,112.50","1,114.35","1,121.66","1,305.50","738.75",8470109,"9,50,05,43,768.35",160877
01-Oct-2020,EQ,"1,090.10","1,110.00","1,090.10","1,078.60","1,108.00","1,106.95","1,099.60","1,305.50","738.75",10601566,"11,65,74,42,720.45",173095
30-Sep-2020,EQ,"1,060.00","1,086.90","1,052.00","1,062.55","1,078.00","1,078.60","1,070.11","1,305.50","738.75",9407038,"10,06,65,98,890.80",226805
29-Sep-2020,EQ,"1,058.00","1,069.90","1,051.00","1,054.20","1,064.40","1,062.55","1,059.74","1,305.50","738.75",6322274,"6,69,99,37,414.90",106799
28-Sep-2020,EQ,"1,048.95","1,059.00","1,042.65","1,044.00","1,058.00","1,054.20","1,053.08","1,305.50","738.75",8076211,"8,50,48,77,498.60",133937
25-Sep-2020,EQ,"1,050.00","1,051.95","1,025.65","1,030.40","1,042.55","1,044.00","1,038.13","1,305.50","738.75",10160775,"10,54,82,54,280.00",162790
24-Sep-2020,EQ,"1,038.00","1,047.00","1,025.00","1,047.25","1,030.50","1,030.40","1,035.26","1,305.50","738.75",9904895,"10,25,41,15,892.95",198189
23-Sep-2020,EQ,"1,046.00","1,055.00","1,034.35","1,035.40","1,048.95","1,047.25","1,046.38","1,305.50","738.75",8039935,"8,41,28,63,750.95",181416
22-Sep-2020,EQ,"1,054.05","1,058.15","1,029.50","1,049.30","1,038.00","1,035.40","1,042.49","1,305.50","738.75",9310339,"9,70,59,07,839.55",218683
21-Sep-2020,EQ,"1,055.00","1,071.35","1,041.50","1,057.30","1,042.10","1,049.30","1,058.70","1,305.50","738.75",9921439,"10,50,38,30,354.45",206109
18-Sep-2020,EQ,"1,092.00","1,092.20","1,047.20","1,083.60","1,058.90","1,057.30","1,068.82","2,262.65","738.75",11740889,"12,54,89,19,022.40",194150
17-Sep-2020,EQ,"1,084.00","1,094.00","1,078.00","1,093.65","1,085.50","1,083.60","1,087.14","2,262.65","738.75",9159413,"9,95,76,05,566.05",130623
16-Sep-2020,EQ,"1,070.20","1,096.00","1,068.35","1,070.50","1,092.50","1,093.65","1,084.56","2,262.65","738.75",9355126,"10,14,61,58,177.20",169907
15-Sep-2020,EQ,"1,068.00","1,076.15","1,058.10","1,057.95","1,073.70","1,070.50","1,066.57","2,262.65","738.75",8252566,"8,80,19,20,567.75",147079
14-Sep-2020,EQ,"1,088.00","1,094.00","1,052.35","1,078.65","1,057.05","1,057.95","1,073.19","2,262.65","738.75",10825874,"11,61,82,27,245.70",215379
11-Sep-2020,EQ,"1,096.45","1,104.85","1,071.00","1,090.55","1,080.50","1,078.65","1,083.30","2,288.80","738.75",10397545,"11,26,36,33,320.80",201271
10-Sep-2020,EQ,"1,103.00","1,104.85","1,084.00","1,096.50","1,091.95","1,090.55","1,095.11","2,288.80","738.75",7594209,"8,31,64,93,920.50",132365
09-Sep-2020,EQ,"1,101.00","1,110.00","1,091.25","1,112.45","1,095.95","1,096.50","1,099.31","2,288.80","738.75",7864545,"8,64,55,52,641.80",136765
08-Sep-2020,EQ,"1,114.00","1,118.80","1,103.00","1,110.50","1,112.05","1,112.45","1,112.00","2,288.80","738.75",7312460,"8,13,14,52,200.70",160085
07-Sep-2020,EQ,"1,116.30","1,119.50","1,099.00","1,119.30","1,112.00","1,110.50","1,109.77","2,288.80","738.75",8807764,"9,77,46,35,499.85",165759
04-Sep-2020,EQ,"1,110.00","1,125.40","1,104.40","1,130.90","1,119.00","1,119.30","1,114.55","2,288.80","738.75",11830686,"13,18,58,84,649.25",215475
03-Sep-2020,EQ,"1,137.25","1,145.95","1,128.00","1,134.15","1,130.35","1,130.90","1,138.33","2,288.80","738.75",9916701,"11,28,85,01,148.90",164687
02-Sep-2020,EQ,"1,124.10","1,139.00","1,120.70","1,127.30","1,133.70","1,134.15","1,130.82","2,288.80","738.75",9880855,"11,17,34,84,461.95",137409
01-Sep-2020,EQ,"1,128.00","1,143.60","1,108.00","1,115.85","1,123.95","1,127.30","1,128.00","2,288.80","738.75",14438949,"16,28,71,52,244.45",217329
31-Aug-2020,EQ,"1,129.50","1,148.80","1,100.70","1,114.50","1,111.65","1,115.85","1,126.33","2,288.80","738.75",19250721,"21,68,26,36,226.80",267840
28-Aug-2020,EQ,"1,111.95","1,125.00","1,095.00","1,112.10","1,117.60","1,114.50","1,111.75","2,288.80","738.75",19349069,"21,51,13,91,001.70",260599
27-Aug-2020,EQ,"1,125.80","1,129.90","1,106.25","1,118.45","1,114.35","1,112.10","1,117.89","2,288.80","738.75",10323015,"11,54,00,43,391.20",184107
26-Aug-2020,EQ,"1,121.00","1,131.75","1,109.50","1,119.70","1,118.50","1,118.45","1,118.92","2,288.80","738.75",12595131,"14,09,28,92,254.10",164529
25-Aug-2020,EQ,"1,119.00","1,127.00","1,106.20","1,117.05","1,120.75","1,119.70","1,116.31","2,288.80","738.75",13800972,"15,40,61,08,014.20",206191
24-Aug-2020,EQ,"1,086.00","1,122.95","1,085.65","1,085.65","1,114.80","1,117.05","1,112.49","2,288.80","738.75",18389929,"20,45,86,08,459.75",282003
21-Aug-2020,EQ,"1,065.40","1,088.80","1,064.60","1,059.00","1,085.70","1,085.65","1,081.52","2,288.80","738.75",14462237,"15,64,11,84,568.60",228261
20-Aug-2020,EQ,"1,054.95","1,068.95","1,052.00","1,066.60","1,057.35","1,059.00","1,059.30","2,288.80","738.75",9608591,"10,17,84,00,071.80",149244
19-Aug-2020,EQ,"1,065.00","1,069.80","1,056.25","1,056.50","1,065.95","1,066.60","1,063.75","2,288.80","738.75",8858056,"9,42,27,41,414.60",157562
18-Aug-2020,EQ,"1,028.00","1,061.65","1,022.00","1,032.75","1,056.60","1,056.50","1,044.74","2,288.80","738.75",12020562,"12,55,83,37,618.40",193067
17-Aug-2020,EQ,"1,047.00","1,047.00","1,020.20","1,034.45","1,034.00","1,032.75","1,031.26","2,288.80","738.75",9780591,"10,08,63,46,720.35",175355
14-Aug-2020,EQ,"1,065.90","1,065.90","1,027.30","1,059.05","1,035.00","1,034.45","1,047.20","2,288.80","738.75",10462350,"10,95,61,59,018.35",213350
13-Aug-2020,EQ,"1,067.95","1,071.35","1,056.50","1,063.70","1,060.95","1,059.05","1,063.05","2,288.80","738.75",9946370,"10,57,34,51,442.80",128692
12-Aug-2020,EQ,"1,065.00","1,066.00","1,048.00","1,066.65","1,063.00","1,063.70","1,057.73","2,288.80","738.75",10333222,"10,92,97,50,519.45",158659
11-Aug-2020,EQ,"1,048.50","1,071.00","1,048.50","1,050.65","1,070.95","1,066.65","1,062.91","2,288.80","738.75",10068150,"10,70,15,52,832.20",157609
10-Aug-2020,EQ,"1,044.00","1,064.00","1,043.80","1,043.85","1,052.00","1,050.65","1,055.90","2,288.80","738.75",11086465,"11,70,61,89,103.00",166247
07-Aug-2020,EQ,"1,034.85","1,047.20","1,020.60","1,040.70","1,043.85","1,043.85","1,034.69","2,289.00","738.75",12418816,"12,84,95,98,351.00",178249
06-Aug-2020,EQ,"1,037.00","1,055.00","1,026.25","1,027.55","1,041.45","1,040.70","1,041.75","2,289.00","738.75",16823558,"17,52,59,88,624.40",245766
05-Aug-2020,EQ,"1,047.95","1,055.80","1,020.00","1,041.65","1,030.95","1,027.55","1,035.64","2,289.00","738.75",16610696,"17,20,26,55,726.05",270414
04-Aug-2020,EQ,"1,008.00","1,061.05","1,003.00","1,002.00","1,040.20","1,041.65","1,039.32","2,289.00","738.75",30153418,"31,33,91,54,328.15",472527
03-Aug-2020,EQ,"1,025.95","1,026.95","993.00","1,032.80","1,005.90","1,002.00","1,007.50","2,289.00","738.75",15891781,"16,01,10,37,011.45",343632
31-Jul-2020,EQ,"1,057.70","1,057.70","1,020.05","1,050.65","1,033.25","1,032.80","1,031.43","2,289.00","738.75",18865230,"19,45,80,84,557.50",325344
30-Jul-2020,EQ,"1,074.00","1,083.65","1,046.70","1,064.60","1,050.45","1,050.65","1,064.47","2,289.00","738.75",13478951,"14,34,79,87,979.40",251700
29-Jul-2020,EQ,"1,081.00","1,088.50","1,055.55","1,086.65","1,065.00","1,064.60","1,072.25","2,289.00","738.75",16796652,"18,01,02,53,418.00",303428
28-Jul-2020,EQ,"1,079.00","1,094.40","1,059.50","1,079.50","1,084.70","1,086.65","1,080.90","2,289.00","738.75",17798330,"19,23,82,96,402.20",311878
27-Jul-2020,EQ,"1,099.85","1,103.00","1,075.35","1,119.10","1,079.95","1,079.50","1,084.25","2,289.00","738.75",18985167,"20,58,45,76,451.50",312366
24-Jul-2020,EQ,"1,122.90","1,122.90","1,101.25","1,130.40","1,120.00","1,119.10","1,112.21","2,349.85","738.75",9799222,"10,89,88,04,741.95",166565
23-Jul-2020,EQ,"1,125.00","1,143.90","1,116.25","1,126.35","1,129.80","1,130.40","1,133.04","2,349.85","738.75",10074805,"11,41,51,85,695.25",179616
22-Jul-2020,EQ,"1,138.50","1,144.50","1,117.55","1,138.55","1,128.00","1,126.35","1,124.94","2,349.85","738.75",12359024,"13,90,31,26,763.35",189616
21-Jul-2020,EQ,"1,152.05","1,157.95","1,134.00","1,133.05","1,139.90","1,138.55","1,142.37","2,349.85","738.75",23757768,"27,14,00,71,773.55",281983
20-Jul-2020,EQ,"1,135.00","1,152.90","1,124.15","1,098.45","1,130.00","1,133.05","1,138.35","2,349.85","738.75",32562064,"37,06,70,90,452.55",505889
17-Jul-2020,EQ,"1,059.05","1,104.00","1,058.30","1,062.55","1,103.35","1,098.45","1,080.41","2,429.00","738.75",14202933,"15,34,50,22,436.10",217615
16-Jul-2020,EQ,"1,053.65","1,065.50","1,034.10","1,053.15","1,059.15","1,062.55","1,048.11","2,429.00","738.75",11831256,"12,40,04,87,286.25",204641
15-Jul-2020,EQ,"1,070.20","1,079.00","1,050.10","1,058.85","1,054.75","1,053.15","1,066.96","2,429.00","738.75",10487246,"11,18,95,19,775.55",177552
14-Jul-2020,EQ,"1,062.60","1,068.90","1,050.00","1,080.25","1,061.45","1,058.85","1,057.27","2,429.00","738.75",13306511,"14,06,85,51,633.70",296972
13-Jul-2020,EQ,"1,109.90","1,113.00","1,071.30","1,105.10","1,083.55","1,080.25","1,086.03","2,429.00","738.75",14961695,"16,24,88,81,581.40",265343
10-Jul-2020,EQ,"1,117.90","1,120.00","1,099.55","1,124.95","1,106.65","1,105.10","1,108.80","2,474.60","738.75",8781604,"9,73,70,28,635.05",161321
09-Jul-2020,EQ,"1,118.00","1,129.70","1,107.25","1,110.35","1,127.00","1,124.95","1,121.08","2,474.60","738.75",10057717,"11,27,55,20,678.55",143088
08-Jul-2020,EQ,"1,107.00","1,124.90","1,105.00","1,105.15","1,110.30","1,110.35","1,115.55","2,474.60","738.75",15028412,"16,76,50,06,215.95",221878
07-Jul-2020,EQ,"1,109.40","1,111.70","1,093.05","1,103.00","1,104.00","1,105.15","1,101.79","2,474.60","738.75",12175425,"13,41,47,49,481.80",191000
06-Jul-2020,EQ,"1,107.95","1,119.90","1,100.00","1,073.95","1,102.45","1,103.00","1,109.16","2,474.60","738.75",17779243,"19,72,00,41,008.30",288861
03-Jul-2020,EQ,"1,093.00","1,095.80","1,070.00","1,089.40","1,075.50","1,073.95","1,079.30","2,503.30","738.75",13798879,"14,89,31,62,920.85",227183
02-Jul-2020,EQ,"1,090.30","1,111.25","1,085.20","1,084.60","1,091.50","1,089.40","1,098.30","2,503.30","738.75",18477248,"20,29,36,49,222.35",268683
01-Jul-2020,EQ,"1,065.85","1,096.00","1,061.30","1,065.85","1,079.50","1,084.60","1,083.32","2,503.30","738.75",17423378,"18,87,51,08,749.35",231200
30-Jun-2020,EQ,"1,074.00","1,078.55","1,056.30","1,076.05","1,066.45","1,065.85","1,068.09","2,503.30","738.75",17873316,"19,09,02,56,874.05",282325
29-Jun-2020,EQ,"1,037.00","1,082.60","1,037.00","1,056.45","1,075.50","1,076.05","1,058.38","2,503.30","738.75",23003725,"24,34,67,71,790.20",361163
26-Jun-2020,EQ,"1,041.00","1,063.00","1,028.00","1,028.75","1,058.50","1,056.45","1,041.81","2,503.30","738.75",19986677,"20,82,23,82,331.40",346461
25-Jun-2020,EQ,"1,021.90","1,049.00","1,007.00","1,032.50","1,035.00","1,028.75","1,026.56","2,503.30","738.75",35323457,"36,26,15,15,753.10",361881
24-Jun-2020,EQ,"1,048.50","1,057.50","1,030.05","1,042.30","1,031.95","1,032.50","1,043.88","2,503.30","738.75",19714664,"20,57,97,39,217.60",356432
23-Jun-2020,EQ,"1,039.00","1,045.00","1,016.55","1,028.75","1,045.00","1,042.30","1,031.23","2,503.30","738.75",14415640,"14,86,58,98,484.45",231379
22-Jun-2020,EQ,"1,039.45","1,045.95","1,023.80","1,033.35","1,029.00","1,028.75","1,038.22","2,503.30","738.75",14847321,"15,41,48,41,315.40",295528
19-Jun-2020,EQ,"1,017.95","1,043.00","1,012.15","1,019.95","1,032.95","1,033.35","1,029.14","2,503.30","738.75",23939324,"24,63,70,00,247.75",330341
18-Jun-2020,EQ,"980.00","1,024.90","972.00","979.25","1,017.60","1,019.95","998.66","2,503.30","738.75",20435469,"20,40,80,19,924.10",283491
17-Jun-2020,EQ,"989.00","998.90","973.25","990.40","978.65","979.25","985.61","2,503.30","738.75",18479504,"18,21,36,63,531.15",263560
16-Jun-2020,EQ,"975.00","993.95","952.00","949.85","989.15","990.40","978.56","2,503.30","738.75",22700113,"22,21,33,51,845.00",318791
15-Jun-2020,EQ,"968.00","974.00","943.00","982.75","951.75","949.85","954.63","2,503.30","738.75",16004973,"15,27,88,32,372.60",261144
12-Jun-2020,EQ,"928.00","986.65","928.00","968.60","977.10","982.75","959.62","2,503.30","738.75",21322880,"20,46,19,54,341.05",329375
11-Jun-2020,EQ,"985.00","988.40","965.00","991.85","969.30","968.60","976.14","2,503.30","738.75",15449142,"15,08,04,85,300.95",290542
10-Jun-2020,EQ,"990.00","999.85","978.20","987.30","993.00","991.85","989.98","2,503.30","738.75",18248880,"18,06,61,01,468.50",263364
09-Jun-2020,EQ,"1,020.00","1,026.75","979.55","1,015.90","984.45","987.30","1,004.50","2,503.30","738.75",30922894,"31,06,20,63,304.35",417245
08-Jun-2020,EQ,"1,060.00","1,066.65","1,006.40","1,033.35","1,016.80","1,015.90","1,031.68","2,503.30","738.75",24906362,"25,69,54,64,731.70",388541
05-Jun-2020,EQ,"1,003.10","1,042.40","1,002.80","1,001.70","1,039.05","1,033.35","1,022.13","2,503.30","738.75",17598103,"17,98,76,26,065.25",281754
04-Jun-2020,EQ,"1,028.05","1,038.95","991.10","1,022.25","995.00","1,001.70","1,015.67","2,503.30","738.75",27139478,"27,56,46,75,122.50",406454
03-Jun-2020,EQ,"1,020.00","1,046.25","1,015.45","1,001.00","1,023.00","1,022.25","1,029.96","2,503.30","738.75",25273067,"26,03,03,19,863.80",336920
02-Jun-2020,EQ,"986.70","1,005.00","975.20","987.65","1,005.00","1,001.00","993.25","2,503.30","738.75",20811909,"20,67,14,40,824.50",312508
01-Jun-2020,EQ,"975.00","995.00","966.10","951.65","984.05","987.65","987.51","2,503.30","738.75",19595373,"19,35,05,40,625.65",294542
29-May-2020,EQ,"944.00","955.00","923.45","945.25","947.10","951.65","937.44","2,503.30","738.75",26512600,"24,85,39,72,529.55",352639
28-May-2020,EQ,"920.00","950.00","913.95","903.65","947.50","945.25","938.36","2,503.30","738.75",37744926,"35,41,84,47,868.85",631552
27-May-2020,EQ,"859.90","909.80","857.15","852.40","901.40","903.65","881.85","2,503.30","738.75",28013227,"24,70,35,84,077.90",388895
26-May-2020,EQ,"857.00","871.75","848.75","838.85","858.00","852.40","860.62","2,503.30","738.75",19002589,"16,35,40,24,458.40",303415
22-May-2020,EQ,"850.00","870.30","833.05","859.55","842.65","838.85","844.52","2,503.30","738.75",21025849,"17,75,68,09,302.45",382888
21-May-2020,EQ,"861.45","884.00","852.30","857.10","860.40","859.55","870.64","2,503.30","738.75",24239683,"21,10,40,74,910.85",416994
20-May-2020,EQ,"836.45","864.00","832.20","830.65","863.50","857.10","844.42","2,503.30","738.75",20007413,"16,89,47,38,592.95",359835
19-May-2020,EQ,"860.85","867.30","826.10","836.65","832.85","830.65","846.32","2,503.30","738.75",23730561,"20,08,37,66,361.00",415550
18-May-2020,EQ,"888.00","888.00","831.30","888.15","838.00","836.65","847.83","2,503.30","738.75",23326656,"19,77,69,54,026.30",533951
15-May-2020,EQ,"890.50","892.40","875.00","893.70","888.00","888.15","885.00","2,503.30","738.75",12174870,"10,77,47,97,134.75",280499
14-May-2020,EQ,"898.00","911.00","890.00","927.65","893.85","893.70","899.79","2,503.30","738.75",19777445,"17,79,55,29,260.15",364023
13-May-2020,EQ,"951.00","960.00","922.10","901.55","928.95","927.65","938.46","2,503.30","738.75",22173554,"20,80,90,09,862.75",396148
12-May-2020,EQ,"901.00","909.40","871.10","915.80","902.50","901.55","888.33","2,503.30","738.75",24784324,"22,01,65,71,132.50",516512
11-May-2020,EQ,"937.00","954.00","914.00","929.05","915.90","915.80","934.32","2,503.30","738.75",14275392,"13,33,77,59,315.60",316129
08-May-2020,EQ,"942.00","943.95","925.20","925.00","930.00","929.05","932.46","2,503.30","738.75",10403747,"9,70,10,68,994.85",176643
07-May-2020,EQ,"940.50","943.30","921.35","946.40","927.30","925.00","930.31","2,503.30","738.75",10916003,"10,15,53,09,605.55",226640
06-May-2020,EQ,"919.00","950.00","905.65","911.45","946.55","946.40","936.39","2,503.30","738.75",16893140,"15,81,85,01,983.40",310813
05-May-2020,EQ,"938.00","944.00","908.05","923.00","914.50","911.45","928.05","2,503.30","738.75",14837190,"13,76,95,83,591.90",298424
04-May-2020,EQ,"957.50","960.00","917.50","1,001.80","924.90","923.00","932.42","2,503.30","738.75",13361177,"12,45,81,66,946.10",383166
30-Apr-2020,EQ,"1,001.40","1,019.00","992.10","977.10","1,000.00","1,001.80","1,006.05","2,503.30","738.75",21897643,"22,03,01,30,436.10",451072
29-Apr-2020,EQ,"935.00","992.70","934.10","931.40","970.05","977.10","964.08","2,503.30","738.75",27939019,"26,93,54,17,994.95",450180
28-Apr-2020,EQ,"943.80","943.80","922.00","929.70","933.30","931.40","930.50","2,503.30","738.75",14720773,"13,69,76,06,349.35",239400
27-Apr-2020,EQ,"945.15","957.40","926.30","938.05","929.95","929.70","941.28","2,503.30","738.75",13710727,"12,90,56,69,876.50",266336
24-Apr-2020,EQ,"933.00","958.40","926.00","954.95","937.00","938.05","938.02","2,503.30","738.75",16642831,"15,61,12,68,244.20",293787
23-Apr-2020,EQ,"935.00","958.50","912.55","928.60","952.10","954.95","939.81","2,503.30","738.75",20450895,"19,21,99,11,302.15",424855
22-Apr-2020,EQ,"919.15","933.00","907.30","921.65","929.75","928.60","920.24","2,503.30","738.75",19144678,"17,61,76,71,415.90",258479
21-Apr-2020,EQ,"925.00","934.00","908.00","944.85","919.15","921.65","922.24","2,503.30","738.75",16589148,"15,29,91,96,199.55",291815
20-Apr-2020,EQ,"951.00","960.95","935.00","910.30","943.30","944.85","945.70","2,503.30","738.75",33116614,"31,31,84,95,817.80",555965
17-Apr-2020,EQ,"915.00","920.00","887.25","879.75","915.10","910.30","906.63","2,503.30","738.75",27941831,"25,33,30,29,144.80",453652
16-Apr-2020,EQ,"865.00","890.70","856.25","863.30","884.25","879.75","870.76","2,503.30","738.75",26927231,"23,44,70,30,480.50",467724
15-Apr-2020,EQ,"930.50","930.50","843.00","895.35","865.15","863.30","885.42","2,503.30","738.75",28989523,"25,66,79,31,187.70",517354
13-Apr-2020,EQ,"934.00","946.70","886.20","925.05","897.80","895.35","907.82","2,503.30","738.75",17079259,"15,50,48,28,498.50",389148
09-Apr-2020,EQ,"913.00","930.90","890.00","888.90","922.10","925.05","913.38","2,503.30","738.75",22229012,"20,30,34,62,865.40",417910
08-Apr-2020,EQ,"879.95","945.00","866.10","896.10","888.70","888.90","902.09","2,503.30","738.75",28109877,"25,35,76,09,084.60",503019
07-Apr-2020,EQ,"874.00","907.30","845.35","813.85","895.80","896.10","871.57","2,503.30","738.75",30206626,"26,32,73,15,325.80",475198
03-Apr-2020,EQ,"843.00","844.00","810.00","829.65","811.00","813.85","825.26","2,503.30","738.75",17499063,"14,44,13,17,976.20",392455
01-Apr-2020,EQ,"863.85","863.85","820.00","861.90","829.55","829.65","831.99","2,503.30","738.75",14551758,"12,10,69,33,301.25",354947
31-Mar-2020,EQ,"853.80","873.60","838.00","831.65","857.95","861.90","854.73","2,503.30","738.75",17605997,"15,04,84,45,041.15",411360
30-Mar-2020,EQ,"880.00","887.00","828.00","904.45","831.00","831.65","858.48","2,503.30","738.75",19634313,"16,85,56,55,095.40",491743
27-Mar-2020,EQ,"944.95","988.65","872.10","901.10","900.00","904.45","923.14","2,503.30","738.75",27619436,"25,49,66,67,368.35",651440
26-Mar-2020,EQ,"870.10","937.70","841.00","856.75","898.00","901.10","898.62","2,503.30","738.75",28521681,"25,63,01,40,172.80",627160
25-Mar-2020,EQ,"770.45","867.45","755.25","767.70","863.00","856.75","803.92","2,503.30","738.75",23614449,"18,98,40,55,133.70",608039
24-Mar-2020,EQ,"795.25","810.00","738.75","771.55","774.80","767.70","775.82","2,503.30","738.75",30528676,"23,68,47,12,047.25",634897
23-Mar-2020,EQ,"794.60","838.75","765.00","882.85","778.90","771.55","784.50","2,503.30","765.00",25142273,"19,72,41,38,348.90",590210
20-Mar-2020,EQ,"875.00","914.60","824.55","895.55","881.25","882.85","868.05","2,503.30","795.00",44319015,"38,47,10,82,495.00",790631
19-Mar-2020,EQ,"847.00","919.95","795.00","876.90","904.60","895.55","857.03","2,503.30","795.00",33610239,"28,80,50,78,999.25",632617
18-Mar-2020,EQ,"985.00","993.00","865.00","975.10","898.50","876.90","916.25","2,503.30","865.00",30593809,"28,03,14,32,118.60",652391
17-Mar-2020,EQ,"1,008.00","1,010.00","954.70","999.50","976.20","975.10","982.62","2,503.30","919.20",21338641,"20,96,78,41,371.15",447922
16-Mar-2020,EQ,"1,035.00","1,037.00","995.00","1,069.80","1,001.25","999.50","1,013.09","2,503.30","919.20",15993174,"16,20,24,84,604.30",430742
13-Mar-2020,EQ,"980.05","1,081.45","919.20","1,021.30","1,074.00","1,069.80","1,018.30","2,503.30","919.20",33171603,"33,77,86,14,285.40",541649
12-Mar-2020,EQ,"1,075.00","1,080.00","1,003.45","1,113.80","1,032.00","1,021.30","1,036.26","2,503.30","1,003.45",29500406,"30,57,00,04,192.95",503472
11-Mar-2020,EQ,"1,105.00","1,120.00","1,092.00","1,107.30","1,110.00","1,113.80","1,105.77","2,503.30","1,065.00",17769198,"19,64,86,40,086.25",344285
09-Mar-2020,EQ,"1,110.00","1,118.40","1,065.00","1,134.90","1,112.00","1,107.30","1,094.80","2,503.30","1,065.00",17210297,"18,84,18,71,874.25",427518
06-Mar-2020,EQ,"1,125.00","1,140.90","1,101.00","1,151.35","1,134.00","1,134.90","1,124.34","2,503.30","1,084.00",11526783,"12,95,99,99,027.40",272373
05-Mar-2020,EQ,"1,153.00","1,165.00","1,142.75","1,148.85","1,149.00","1,151.35","1,155.77","2,503.30","1,084.00",9774854,"11,29,74,50,389.35",262470
04-Mar-2020,EQ,"1,178.35","1,180.00","1,133.10","1,181.80","1,149.15","1,148.85","1,152.73","2,503.30","1,084.00",17144435,"19,76,28,46,784.70",503032
03-Mar-2020,EQ,"1,175.00","1,185.35","1,168.00","1,179.60","1,182.50","1,181.80","1,178.14","2,503.30","1,084.00",11184775,"13,17,71,81,997.65",233028
02-Mar-2020,EQ,"1,200.20","1,201.15","1,166.15","1,177.65","1,185.00","1,179.60","1,184.61","2,503.30","1,084.00",7332449,"8,68,60,77,365.55",197905
28-Feb-2020,EQ,"1,175.50","1,185.00","1,170.10","1,199.45","1,178.80","1,177.65","1,176.25","2,503.30","1,084.00",12156528,"14,29,91,67,014.40",276737
27-Feb-2020,EQ,"1,195.00","1,202.50","1,181.00","1,199.25","1,199.65","1,199.45","1,191.25","2,503.30","1,084.00",10327549,"12,30,26,65,880.20",241038
26-Feb-2020,EQ,"1,197.50","1,204.70","1,185.65","1,200.30","1,201.10","1,199.25","1,195.09","2,503.30","1,084.00",6907393,"8,25,49,56,318.75",191519
25-Feb-2020,EQ,"1,204.00","1,209.00","1,198.00","1,209.95","1,201.80","1,200.30","1,201.07","2,503.30","1,084.00",6943340,"8,33,94,58,217.80",193249
24-Feb-2020,EQ,"1,208.95","1,214.75","1,200.00","1,217.10","1,210.25","1,209.95","1,205.66","2,503.30","1,084.00",8284042,"9,98,77,53,564.30",199969
20-Feb-2020,EQ,"1,230.00","1,230.00","1,214.10","1,227.20","1,217.00","1,217.10","1,221.38","2,503.30","1,084.00",5561707,"6,79,29,70,359.70",146273
19-Feb-2020,EQ,"1,222.50","1,230.00","1,213.90","1,213.25","1,227.20","1,227.20","1,221.68","2,503.30","1,084.00",5006134,"6,11,59,09,249.10",101692
18-Feb-2020,EQ,"1,216.90","1,218.50","1,203.50","1,217.15","1,217.05","1,213.25","1,209.57","2,503.30","1,084.00",5264558,"6,36,78,72,772.45",119172
17-Feb-2020,EQ,"1,225.00","1,233.00","1,214.45","1,219.35","1,218.00","1,217.15","1,221.46","2,503.30","1,084.00",5076345,"6,20,05,35,024.85",157333
14-Feb-2020,EQ,"1,243.20","1,248.40","1,215.00","1,241.40","1,219.45","1,219.35","1,227.78","2,503.30","1,084.00",7344429,"9,01,73,58,547.30",167779
13-Feb-2020,EQ,"1,259.90","1,259.90","1,233.60","1,249.00","1,239.50","1,241.40","1,241.95","2,503.30","1,084.00",4556070,"5,65,84,32,160.20",97099
12-Feb-2020,EQ,"1,245.20","1,252.90","1,244.05","1,240.60","1,249.00","1,249.00","1,249.42","2,503.30","1,084.00",3148965,"3,93,43,83,166.55",87413
11-Feb-2020,EQ,"1,243.30","1,255.00","1,238.05","1,240.30","1,239.90","1,240.60","1,246.80","2,503.30","1,084.00",5806760,"7,23,98,73,153.45",98063
10-Feb-2020,EQ,"1,242.95","1,242.95","1,226.05","1,242.20","1,240.95","1,240.30","1,235.68","2,503.30","1,084.00",4609917,"5,69,63,88,107.65",105140
07-Feb-2020,EQ,"1,246.00","1,247.00","1,231.60","1,239.80","1,240.00","1,242.20","1,238.21","2,503.30","1,084.00",3407724,"4,21,94,86,810.85",81299
06-Feb-2020,EQ,"1,244.65","1,248.70","1,237.20","1,244.65","1,239.95","1,239.80","1,242.01","2,503.30","1,084.00",5913775,"7,34,49,82,424.55",126190
05-Feb-2020,EQ,"1,234.90","1,248.00","1,227.30","1,229.80","1,246.00","1,244.65","1,237.42","2,503.30","1,084.00",9010341,"11,14,95,64,568.10",150882
04-Feb-2020,EQ,"1,198.00","1,234.00","1,198.00","1,192.80","1,229.00","1,229.80","1,222.00","2,503.30","1,084.00",10448852,"12,76,85,29,290.90",173447
03-Feb-2020,EQ,"1,197.00","1,197.95","1,177.70","1,198.70","1,194.00","1,192.80","1,188.67","2,503.30","1,084.00",6538505,"7,77,20,96,364.25",251382
01-Feb-2020,EQ,"1,220.00","1,227.70","1,191.35","1,226.30","1,192.50","1,198.70","1,210.20","2,503.30","1,084.00",4913643,"5,94,64,67,662.40",132683
31-Jan-2020,EQ,"1,231.45","1,237.80","1,220.25","1,226.05","1,224.25","1,226.30","1,230.24","2,503.30","1,084.00",5589134,"6,87,60,00,868.35",169641
30-Jan-2020,EQ,"1,238.95","1,238.95","1,217.20","1,235.85","1,227.90","1,226.05","1,224.75","2,503.30","1,084.00",6055992,"7,41,70,90,655.15",195593
29-Jan-2020,EQ,"1,225.30","1,242.00","1,222.25","1,223.20","1,235.80","1,235.85","1,235.01","2,503.30","1,084.00",6894175,"8,51,43,72,123.25",155174
28-Jan-2020,EQ,"1,218.80","1,227.80","1,213.25","1,213.20","1,223.10","1,223.20","1,221.37","2,503.30","1,084.00",6706079,"8,19,05,99,143.00",219199
27-Jan-2020,EQ,"1,235.00","1,235.00","1,211.75","1,244.55","1,213.50","1,213.20","1,220.97","2,503.30","1,084.00",9444276,"11,53,11,92,819.45",268331
24-Jan-2020,EQ,"1,246.00","1,254.00","1,239.10","1,244.85","1,245.80","1,244.55","1,247.28","2,503.30","1,084.00",5915878,"7,37,87,71,197.30",138884
23-Jan-2020,EQ,"1,240.00","1,246.85","1,231.00","1,240.85","1,245.35","1,244.85","1,240.93","2,503.30","1,084.00",5754460,"7,14,09,06,437.50",176401
22-Jan-2020,EQ,"1,248.05","1,255.00","1,234.40","1,244.35","1,241.85","1,240.85","1,243.37","2,503.30","1,084.00",9184155,"11,41,92,77,034.85",146555
21-Jan-2020,EQ,"1,250.00","1,250.00","1,238.40","1,254.90","1,244.90","1,244.35","1,244.14","2,503.30","1,084.00",7492402,"9,32,16,21,104.55",216589
20-Jan-2020,EQ,"1,304.85","1,304.85","1,252.50","1,278.15","1,257.35","1,254.90","1,265.00","2,503.30","1,084.00",11089225,"14,02,78,27,939.05",245672
17-Jan-2020,EQ,"1,281.75","1,284.90","1,271.90","1,287.65","1,277.40","1,278.15","1,277.38","2,503.30","1,084.00",8459407,"10,80,59,01,963.60",136379
16-Jan-2020,EQ,"1,282.05","1,291.00","1,279.35","1,284.25","1,287.50","1,287.65","1,285.32","2,503.30","1,084.00",3575200,"4,59,52,66,982.80",93131
15-Jan-2020,EQ,"1,286.40","1,287.95","1,274.10","1,289.50","1,285.05","1,284.25","1,280.62","2,503.30","1,084.00",5893724,"7,54,76,49,403.30",105548
14-Jan-2020,EQ,"1,289.00","1,292.55","1,277.50","1,286.00","1,288.00","1,289.50","1,284.81","2,503.30","1,084.00",3943145,"5,06,62,03,793.15",91722
13-Jan-2020,EQ,"1,282.70","1,296.50","1,276.00","1,282.70","1,287.00","1,286.00","1,289.33","2,503.30","1,084.00",3725784,"4,80,37,55,674.70",107121
10-Jan-2020,EQ,"1,284.10","1,286.90","1,275.10","1,271.40","1,281.00","1,282.70","1,282.11","2,503.30","1,084.00",4607290,"5,90,70,37,339.20",123583
09-Jan-2020,EQ,"1,265.00","1,275.80","1,263.10","1,257.30","1,271.80","1,271.40","1,271.27","2,503.30","1,084.00",4773158,"6,06,79,65,129.35",125829
08-Jan-2020,EQ,"1,246.95","1,262.15","1,240.05","1,260.60","1,256.00","1,257.30","1,253.71","2,503.30","1,084.00",5666055,"7,10,36,12,130.00",141795
07-Jan-2020,EQ,"1,258.90","1,271.45","1,252.25","1,240.95","1,261.00","1,260.60","1,261.48","2,503.30","1,084.00",7362247,"9,28,73,01,543.65",189026
06-Jan-2020,EQ,"1,260.00","1,261.80","1,236.00","1,268.40","1,240.25","1,240.95","1,247.24","2,503.30","1,084.00",5445093,"6,79,13,47,831.05",155007
03-Jan-2020,EQ,"1,282.20","1,285.00","1,263.60","1,286.75","1,268.50","1,268.40","1,270.48","2,503.30","1,084.00",5427775,"6,89,58,85,753.85",157066
02-Jan-2020,EQ,"1,279.00","1,288.00","1,279.00","1,278.60","1,286.00","1,286.75","1,284.56","2,503.30","1,084.00",3068583,"3,94,17,91,536.35",104570
01-Jan-2020,EQ,"1,276.10","1,280.00","1,270.60","1,272.10","1,279.00","1,278.60","1,276.64","2,503.30","1,084.00",1836849,"2,34,50,00,988.70",46625